{"success":true,"terms":"https:\/\/currencylayer.com\/terms","privacy":"https:\/\/currencylayer.com\/privacy","timestamp":1496909352,"source":"USD","quotes":{"USDAED":3.672497,"USDAFN":68.179896,"USDALL":118.199997,"USDAMD":482.059998,"USDANG":1.777501,"USDAOA":165.089996,"USDARS":15.972985,"USDAUD":1.324795,"USDAWG":1.789,"USDAZN":1.701703,"USDBAM":1.739502,"USDBBD":2,"USDBDT":80.800003,"USDBGN":1.743602,"USDBHD":0.376898,"USDBIF":1708.300049,"USDBMD":1,"USDBND":1.381203,"USDBOB":6.901985,"USDBRL":3.268198,"USDBSD":1,"USDBTC":0.000359,"USDBTN":64.300003,"USDBWP":10.1783,"USDBYN":1.860302,"USDBYR":20020,"USDBZD":1.997801,"USDCAD":1.351199,"USDCDF":1434.949951,"USDCHF":0.96497,"USDCLF":0.02488,"USDCLP":669.299988,"USDCNY":6.793799,"USDCOP":2913.5,"USDCRC":561.23999,"USDCUC":1,"USDCUP":0.999945,"USDCVE":97.959999,"USDCZK":23.351101,"USDDJF":177.600006,"USDDKK":6.60636,"USDDOP":47.099998,"USDDZD":108.089996,"USDEEK":14.021004,"USDEGP":18.049999,"USDERN":15.280155,"USDETB":22.950001,"USDEUR":0.888101,"USDFJD":2.069761,"USDFKP":0.771404,"USDGBP":0.77081,"USDGEL":2.3988,"USDGGP":0.770909,"USDGHS":4.388498,"USDGIP":0.771598,"USDGMD":44.950001,"USDGNF":9018.799805,"USDGTQ":7.350503,"USDGYD":204.509995,"USDHKD":7.794498,"USDHNL":23.370001,"USDHRK":6.538099,"USDHTG":61.490002,"USDHUF":273.769989,"USDIDR":13311,"USDILS":3.535198,"USDIMP":0.770909,"USDINR":64.364998,"USDIQD":1181,"USDIRR":32453.999815,"USDISK":98.599998,"USDJEP":0.770909,"USDJMD":129.190002,"USDJOD":0.707501,"USDJPY":109.829002,"USDKES":103.050003,"USDKGS":68.267998,"USDKHR":4060.800049,"USDKMF":450.149994,"USDKPW":900.000303,"USDKRW":1121.890015,"USDKWD":0.302604,"USDKYD":0.820344,"USDKZT":314.130005,"USDLAK":8216.000212,"USDLBP":1506.498872,"USDLKR":151.910004,"USDLRD":91.999803,"USDLSL":12.829904,"USDLTL":3.048699,"USDLVL":0.62055,"USDLYD":1.3884,"USDMAD":9.722301,"USDMDL":18.094999,"USDMGA":3120.000077,"USDMKD":54.400002,"USDMMK":1344.000193,"USDMNT":2368.000324,"USDMOP":8.029598,"USDMRO":357.609985,"USDMUR":34.310001,"USDMVR":15.369814,"USDMWK":715.570007,"USDMXN":18.2493,"USDMYR":4.265502,"USDMZN":59.799999,"USDNAD":12.845025,"USDNGN":323.000475,"USDNIO":29.954097,"USDNOK":8.474299,"USDNPR":102.849998,"USDNZD":1.387504,"USDOMR":0.384802,"USDPAB":1,"USDPEN":3.267496,"USDPGK":3.164599,"USDPHP":49.430528,"USDPKR":104.830002,"USDPLN":3.738604,"USDPYG":5588.799805,"USDQAR":3.640297,"USDRON":4.055501,"USDRSD":108.216797,"USDRUB":56.951302,"USDRWF":820.330017,"USDSAR":3.750204,"USDSBD":7.902596,"USDSCR":13.160976,"USDSDG":6.666697,"USDSEK":8.69018,"USDSGD":1.38164,"USDSHP":0.771602,"USDSLL":7500.000319,"USDSOS":548.999728,"USDSRD":7.45018,"USDSTD":21766.099609,"USDSVC":8.722202,"USDSYP":514.97998,"USDSZL":12.844996,"USDTHB":34.020027,"USDTJS":8.8195,"USDTMT":3.41,"USDTND":2.435097,"USDTOP":2.282701,"USDTRY":3.542027,"USDTTD":6.719499,"USDTWD":30.091999,"USDTZS":2230.000114,"USDUAH":26.147499,"USDUGX":3589.000171,"USDUSD":1,"USDUYU":28.370001,"USDUZS":3849.999549,"USDVEF":9.974803,"USDVND":22687,"USDVUV":106.290001,"USDWST":2.553698,"USDXAF":582.090027,"USDXAG":0.056667,"USDXAU":0.000778,"USDXCD":2.702803,"USDXDR":0.721697,"USDXOF":586.150024,"USDXPF":105.940201,"USDYER":249.919998,"USDZAR":12.853198,"USDZMK":9.234947,"USDZMW":9.229768,"USDZWL":322.355011}}